Workbook

Sheet Dashboard
A1: Lead-gen dashboard
A2: Everything here is calculated from the Leads tab. Don't type in this tab.
A4: Platform | B4: Leads | C4: Contacted | D4: Replied | E4: Calls | F4: Won | G4: Reply rate | H4: Call rate | I4: Close rate (of contacted) | J4: Revenue won (£)
A5: =Lists!$A$2 | B5: =COUNTIF(Leads!$E$2:$E$501,A5) | C5: =COUNTIFS(Leads!$E$2:$E$501,A5,Leads!$J$2:$J$501,"<>") | D5: =COUNTIFS(Leads!$E$2:$E$501,A5,Leads!$L$2:$L$501,"Yes") | E5: =COUNTIFS(Leads!$E$2:$E$501,A5,Leads!$M$2:$M$501,"Yes") | F5: =COUNTIFS(Leads!$E$2:$E$501,A5,Leads!$I$2:$I$501,"Won") | G5: =IF(C5=0,0,D5/C5) | H5: =IF(C5=0,0,E5/C5) | I5: =IF(C5=0,0,F5/C5) | J5: =SUMIFS(Leads!$N$2:$N$501,Leads!$E$2:$E$501,A5,Leads!$I$2:$I$501,"Won")
A6: =Lists!$A$3 | B6: =COUNTIF(Leads!$E$2:$E$501,A6) | C6: =COUNTIFS(Leads!$E$2:$E$501,A6,Leads!$J$2:$J$501,"<>") | D6: =COUNTIFS(Leads!$E$2:$E$501,A6,Leads!$L$2:$L$501,"Yes") | E6: =COUNTIFS(Leads!$E$2:$E$501,A6,Leads!$M$2:$M$501,"Yes") | F6: =COUNTIFS(Leads!$E$2:$E$501,A6,Leads!$I$2:$I$501,"Won") | G6: =IF(C6=0,0,D6/C6) | H6: =IF(C6=0,0,E6/C6) | I6: =IF(C6=0,0,F6/C6) | J6: =SUMIFS(Leads!$N$2:$N$501,Leads!$E$2:$E$501,A6,Leads!$I$2:$I$501,"Won")
A7: =Lists!$A$4 | B7: =COUNTIF(Leads!$E$2:$E$501,A7) | C7: =COUNTIFS(Leads!$E$2:$E$501,A7,Leads!$J$2:$J$501,"<>") | D7: =COUNTIFS(Leads!$E$2:$E$501,A7,Leads!$L$2:$L$501,"Yes") | E7: =COUNTIFS(Leads!$E$2:$E$501,A7,Leads!$M$2:$M$501,"Yes") | F7: =COUNTIFS(Leads!$E$2:$E$501,A7,Leads!$I$2:$I$501,"Won") | G7: =IF(C7=0,0,D7/C7) | H7: =IF(C7=0,0,E7/C7) | I7: =IF(C7=0,0,F7/C7) | J7: =SUMIFS(Leads!$N$2:$N$501,Leads!$E$2:$E$501,A7,Leads!$I$2:$I$501,"Won")
A8: =Lists!$A$5 | B8: =COUNTIF(Leads!$E$2:$E$501,A8) | C8: =COUNTIFS(Leads!$E$2:$E$501,A8,Leads!$J$2:$J$501,"<>") | D8: =COUNTIFS(Leads!$E$2:$E$501,A8,Leads!$L$2:$L$501,"Yes") | E8: =COUNTIFS(Leads!$E$2:$E$501,A8,Leads!$M$2:$M$501,"Yes") | F8: =COUNTIFS(Leads!$E$2:$E$501,A8,Leads!$I$2:$I$501,"Won") | G8: =IF(C8=0,0,D8/C8) | H8: =IF(C8=0,0,E8/C8) | I8: =IF(C8=0,0,F8/C8) | J8: =SUMIFS(Leads!$N$2:$N$501,Leads!$E$2:$E$501,A8,Leads!$I$2:$I$501,"Won")
A9: =Lists!$A$6 | B9: =COUNTIF(Leads!$E$2:$E$501,A9) | C9: =COUNTIFS(Leads!$E$2:$E$501,A9,Leads!$J$2:$J$501,"<>") | D9: =COUNTIFS(Leads!$E$2:$E$501,A9,Leads!$L$2:$L$501,"Yes") | E9: =COUNTIFS(Leads!$E$2:$E$501,A9,Leads!$M$2:$M$501,"Yes") | F9: =COUNTIFS(Leads!$E$2:$E$501,A9,Leads!$I$2:$I$501,"Won") | G9: =IF(C9=0,0,D9/C9) | H9: =IF(C9=0,0,E9/C9) | I9: =IF(C9=0,0,F9/C9) | J9: =SUMIFS(Leads!$N$2:$N$501,Leads!$E$2:$E$501,A9,Leads!$I$2:$I$501,"Won")
A10: =Lists!$A$7 | B10: =COUNTIF(Leads!$E$2:$E$501,A10) | C10: =COUNTIFS(Leads!$E$2:$E$501,A10,Leads!$J$2:$J$501,"<>") | D10: =COUNTIFS(Leads!$E$2:$E$501,A10,Leads!$L$2:$L$501,"Yes") | E10: =COUNTIFS(Leads!$E$2:$E$501,A10,Leads!$M$2:$M$501,"Yes") | F10: =COUNTIFS(Leads!$E$2:$E$501,A10,Leads!$I$2:$I$501,"Won") | G10: =IF(C10=0,0,D10/C10) | H10: =IF(C10=0,0,E10/C10) | I10: =IF(C10=0,0,F10/C10) | J10: =SUMIFS(Leads!$N$2:$N$501,Leads!$E$2:$E$501,A10,Leads!$I$2:$I$501,"Won")
A11: =Lists!$A$8 | B11: =COUNTIF(Leads!$E$2:$E$501,A11) | C11: =COUNTIFS(Leads!$E$2:$E$501,A11,Leads!$J$2:$J$501,"<>") | D11: =COUNTIFS(Leads!$E$2:$E$501,A11,Leads!$L$2:$L$501,"Yes") | E11: =COUNTIFS(Leads!$E$2:$E$501,A11,Leads!$M$2:$M$501,"Yes") | F11: =COUNTIFS(Leads!$E$2:$E$501,A11,Leads!$I$2:$I$501,"Won") | G11: =IF(C11=0,0,D11/C11) | H11: =IF(C11=0,0,E11/C11) | I11: =IF(C11=0,0,F11/C11) | J11: =SUMIFS(Leads!$N$2:$N$501,Leads!$E$2:$E$501,A11,Leads!$I$2:$I$501,"Won")
A12: =Lists!$A$9 | B12: =COUNTIF(Leads!$E$2:$E$501,A12) | C12: =COUNTIFS(Leads!$E$2:$E$501,A12,Leads!$J$2:$J$501,"<>") | D12: =COUNTIFS(Leads!$E$2:$E$501,A12,Leads!$L$2:$L$501,"Yes") | E12: =COUNTIFS(Leads!$E$2:$E$501,A12,Leads!$M$2:$M$501,"Yes") | F12: =COUNTIFS(Leads!$E$2:$E$501,A12,Leads!$I$2:$I$501,"Won") | G12: =IF(C12=0,0,D12/C12) | H12: =IF(C12=0,0,E12/C12) | I12: =IF(C12=0,0,F12/C12) | J12: =SUMIFS(Leads!$N$2:$N$501,Leads!$E$2:$E$501,A12,Leads!$I$2:$I$501,"Won")
A13: =Lists!$A$10 | B13: =COUNTIF(Leads!$E$2:$E$501,A13) | C13: =COUNTIFS(Leads!$E$2:$E$501,A13,Leads!$J$2:$J$501,"<>") | D13: =COUNTIFS(Leads!$E$2:$E$501,A13,Leads!$L$2:$L$501,"Yes") | E13: =COUNTIFS(Leads!$E$2:$E$501,A13,Leads!$M$2:$M$501,"Yes") | F13: =COUNTIFS(Leads!$E$2:$E$501,A13,Leads!$I$2:$I$501,"Won") | G13: =IF(C13=0,0,D13/C13) | H13: =IF(C13=0,0,E13/C13) | I13: =IF(C13=0,0,F13/C13) | J13: =SUMIFS(Leads!$N$2:$N$501,Leads!$E$2:$E$501,A13,Leads!$I$2:$I$501,"Won")
A14: =Lists!$A$11 | B14: =COUNTIF(Leads!$E$2:$E$501,A14) | C14: =COUNTIFS(Leads!$E$2:$E$501,A14,Leads!$J$2:$J$501,"<>") | D14: =COUNTIFS(Leads!$E$2:$E$501,A14,Leads!$L$2:$L$501,"Yes") | E14: =COUNTIFS(Leads!$E$2:$E$501,A14,Leads!$M$2:$M$501,"Yes") | F14: =COUNTIFS(Leads!$E$2:$E$501,A14,Leads!$I$2:$I$501,"Won") | G14: =IF(C14=0,0,D14/C14) | H14: =IF(C14=0,0,E14/C14) | I14: =IF(C14=0,0,F14/C14) | J14: =SUMIFS(Leads!$N$2:$N$501,Leads!$E$2:$E$501,A14,Leads!$I$2:$I$501,"Won")
A15: =Lists!$A$12 | B15: =COUNTIF(Leads!$E$2:$E$501,A15) | C15: =COUNTIFS(Leads!$E$2:$E$501,A15,Leads!$J$2:$J$501,"<>") | D15: =COUNTIFS(Leads!$E$2:$E$501,A15,Leads!$L$2:$L$501,"Yes") | E15: =COUNTIFS(Leads!$E$2:$E$501,A15,Leads!$M$2:$M$501,"Yes") | F15: =COUNTIFS(Leads!$E$2:$E$501,A15,Leads!$I$2:$I$501,"Won") | G15: =IF(C15=0,0,D15/C15) | H15: =IF(C15=0,0,E15/C15) | I15: =IF(C15=0,0,F15/C15) | J15: =SUMIFS(Leads!$N$2:$N$501,Leads!$E$2:$E$501,A15,Leads!$I$2:$I$501,"Won")
A16: TOTAL | B16: =SUM(B5:B15) | C16: =SUM(C5:C15) | D16: =SUM(D5:D15) | E16: =SUM(E5:E15) | F16: =SUM(F5:F15) | G16: =IF(C16=0,0,D16/C16) | H16: =IF(C16=0,0,E16/C16) | I16: =IF(C16=0,0,F16/C16) | J16: =SUM(J5:J15)
A18: Today
A19: Follow-ups due today or overdue | C19: =COUNTIFS(Leads!$K$2:$K$501,"<="&TODAY(),Leads!$K$2:$K$501,"<>")
A20: Open leads (not Won/Lost/Not a fit) | C20: =COUNTIF(Leads!$B$2:$B$501,"<>")-COUNTIF(Leads!$I$2:$I$501,"Won")-COUNTIF(Leads!$I$2:$I$501,"Lost")-COUNTIF(Leads!$I$2:$I$501,"Not a fit")
A21: Referral commission owed (£) | C21: =SUM(Partners!$O$2:$O$501)

Sheet Leads
A1: Date found | B1: Name | C1: Business | D1: Country | E1: Platform | F1: Source | G1: Link to post / profile | H1: Need | I1: Status | J1: Contacted on | K1: Follow-up due | L1: Replied? | M1: Call held? | N1: Deal value (£) | O1: Monthly retainer (£) | P1: Referred by (partner code) | Q1: Referral commission (£) | R1: Retainer commission / mo (£) | S1: Notes
A2: 46296 | B2: Jane Doe | C2: Doe Plumbing Ltd | D2: UK | E2: Facebook | F2: Hire request | G2: https://facebook.com/groups/… | H2: Both | I2: Won | J2: 46296 | K2: =IF(OR(J2="",I2="Won",I2="Lost",I2="Not a fit",L2="Yes"),"",J2+Settings!$B$8) | L2: Yes | M2: Yes | N2: 2400 | O2: 150 | P2: JANE01 | Q2: =IF(AND(I2="Won",P2<>"",N2>=Settings!$B$7),MIN(N2*Settings!$B$2,Settings!$B$3),0) | R2: =IF(AND(I2="Won",P2<>""),O2*Settings!$B$4,0) | S2: EXAMPLE ROW – delete me. Replied in group, DM'd, call 3 Oct.
K3: =IF(OR(J3="",I3="Won",I3="Lost",I3="Not a fit",L3="Yes"),"",J3+Settings!$B$8) | Q3: =IF(AND(I3="Won",P3<>"",N3>=Settings!$B$7),MIN(N3*Settings!$B$2,Settings!$B$3),0) | R3: =IF(AND(I3="Won",P3<>""),O3*Settings!$B$4,0)
K4: =IF(OR(J4="",I4="Won",I4="Lost",I4="Not a fit",L4="Yes"),"",J4+Settings!$B$8) | Q4: =IF(AND(I4="Won",P4<>"",N4>=Settings!$B$7),MIN(N4*Settings!$B$2,Settings!$B$3),0) | R4: =IF(AND(I4="Won",P4<>""),O4*Settings!$B$4,0)
K5: =IF(OR(J5="",I5="Won",I5="Lost",I5="Not a fit",L5="Yes"),"",J5+Settings!$B$8) | Q5: =IF(AND(I5="Won",P5<>"",N5>=Settings!$B$7),MIN(N5*Settings!$B$2,Settings!$B$3),0) | R5: =IF(AND(I5="Won",P5<>""),O5*Settings!$B$4,0)
K6: =IF(OR(J6="",I6="Won",I6="Lost",I6="Not a fit",L6="Yes"),"",J6+Settings!$B$8) | Q6: =IF(AND(I6="Won",P6<>"",N6>=Settings!$B$7),MIN(N6*Settings!$B$2,Settings!$B$3),0) | R6: =IF(AND(I6="Won",P6<>""),O6*Settings!$B$4,0)
K7: =IF(OR(J7="",I7="Won",I7="Lost",I7="Not a fit",L7="Yes"),"",J7+Settings!$B$8) | Q7: =IF(AND(I7="Won",P7<>"",N7>=Settings!$B$7),MIN(N7*Settings!$B$2,Settings!$B$3),0) | R7: =IF(AND(I7="Won",P7<>""),O7*Settings!$B$4,0)
K8: =IF(OR(J8="",I8="Won",I8="Lost",I8="Not a fit",L8="Yes"),"",J8+Settings!$B$8) | Q8: =IF(AND(I8="Won",P8<>"",N8>=Settings!$B$7),MIN(N8*Settings!$B$2,Settings!$B$3),0) | R8: =IF(AND(I8="Won",P8<>""),O8*Settings!$B$4,0)
K9: =IF(OR(J9="",I9="Won",I9="Lost",I9="Not a fit",L9="Yes"),"",J9+Settings!$B$8) | Q9: =IF(AND(I9="Won",P9<>"",N9>=Settings!$B$7),MIN(N9*Settings!$B$2,Settings!$B$3),0) | R9: =IF(AND(I9="Won",P9<>""),O9*Settings!$B$4,0)
K10: =IF(OR(J10="",I10="Won",I10="Lost",I10="Not a fit",L10="Yes"),"",J10+Settings!$B$8) | Q10: =IF(AND(I10="Won",P10<>"",N10>=Settings!$B$7),MIN(N10*Settings!$B$2,Settings!$B$3),0) | R10: =IF(AND(I10="Won",P10<>""),O10*Settings!$B$4,0)
K11: =IF(OR(J11="",I11="Won",I11="Lost",I11="Not a fit",L11="Yes"),"",J11+Settings!$B$8) | Q11: =IF(AND(I11="Won",P11<>"",N11>=Settings!$B$7),MIN(N11*Settings!$B$2,Settings!$B$3),0) | R11: =IF(AND(I11="Won",P11<>""),O11*Settings!$B$4,0)
K12: =IF(OR(J12="",I12="Won",I12="Lost",I12="Not a fit",L12="Yes"),"",J12+Settings!$B$8) | Q12: =IF(AND(I12="Won",P12<>"",N12>=Settings!$B$7),MIN(N12*Settings!$B$2,Settings!$B$3),0) | R12: =IF(AND(I12="Won",P12<>""),O12*Settings!$B$4,0)
K13: =IF(OR(J13="",I13="Won",I13="Lost",I13="Not a fit",L13="Yes"),"",J13+Settings!$B$8) | Q13: =IF(AND(I13="Won",P13<>"",N13>=Settings!$B$7),MIN(N13*Settings!$B$2,Settings!$B$3),0) | R13: =IF(AND(I13="Won",P13<>""),O13*Settings!$B$4,0)
K14: =IF(OR(J14="",I14="Won",I14="Lost",I14="Not a fit",L14="Yes"),"",J14+Settings!$B$8) | Q14: =IF(AND(I14="Won",P14<>"",N14>=Settings!$B$7),MIN(N14*Settings!$B$2,Settings!$B$3),0) | R14: =IF(AND(I14="Won",P14<>""),O14*Settings!$B$4,0)
... K501: =IF(OR(J501="",I501="Won",I501="Lost",I501="Not a fit",L501="Yes"),"",J501+Settings!$B$8) | Q501: =IF(AND(I501="Won",P501<>"",N501>=Settings!$B$7),MIN(N501*Settings!$B$2,Settings!$B$3),0) | R501: =IF(AND(I501="Won",P501<>""),O501*Settings!$B$4,0)

Sheet Partners
A1: Partner code | B1: Name | C1: Type | D1: Email / contact | E1: Country | F1: Date joined | G1: Terms accepted? | H1: Referrals sent | I1: Qualifying deals won | J1: First-project commission (£) | K1: Retainer commission / mo (£) | L1: 3rd-deal bonus (£) | M1: Total earned so far (£) | N1: Paid to date (£) | O1: Owed (£) | P1: Notes
A2: JANE01 | B2: Jane Doe | C2: Past client | D2: jane@example.com | E2: UK | F2: 46296 | G2: Yes | H2: =IF(A2="","",COUNTIF(Leads!$P$2:$P$501,A2)) | I2: =IF(A2="","",COUNTIFS(Leads!$P$2:$P$501,A2,Leads!$I$2:$I$501,"Won",Leads!$N$2:$N$501,">="&Settings!$B$7)) | J2: =IF(A2="","",SUMIF(Leads!$P$2:$P$501,A2,Leads!$Q$2:$Q$501)) | K2: =IF(A2="","",SUMIF(Leads!$P$2:$P$501,A2,Leads!$R$2:$R$501)) | L2: =IF(A2="","",IF(I2>=3,Settings!$B$6,0)) | M2: =IF(A2="","",J2+L2) | N2: 0 | O2: =IF(A2="","",M2-N2) | P2: EXAMPLE ROW – delete me.
H3: =IF(A3="","",COUNTIF(Leads!$P$2:$P$501,A3)) | I3: =IF(A3="","",COUNTIFS(Leads!$P$2:$P$501,A3,Leads!$I$2:$I$501,"Won",Leads!$N$2:$N$501,">="&Settings!$B$7)) | J3: =IF(A3="","",SUMIF(Leads!$P$2:$P$501,A3,Leads!$Q$2:$Q$501)) | K3: =IF(A3="","",SUMIF(Leads!$P$2:$P$501,A3,Leads!$R$2:$R$501)) | L3: =IF(A3="","",IF(I3>=3,Settings!$B$6,0)) | M3: =IF(A3="","",J3+L3) | O3: =IF(A3="","",M3-N3)
H4: =IF(A4="","",COUNTIF(Leads!$P$2:$P$501,A4)) | I4: =IF(A4="","",COUNTIFS(Leads!$P$2:$P$501,A4,Leads!$I$2:$I$501,"Won",Leads!$N$2:$N$501,">="&Settings!$B$7)) | J4: =IF(A4="","",SUMIF(Leads!$P$2:$P$501,A4,Leads!$Q$2:$Q$501)) | K4: =IF(A4="","",SUMIF(Leads!$P$2:$P$501,A4,Leads!$R$2:$R$501)) | L4: =IF(A4="","",IF(I4>=3,Settings!$B$6,0)) | M4: =IF(A4="","",J4+L4) | O4: =IF(A4="","",M4-N4)
H5: =IF(A5="","",COUNTIF(Leads!$P$2:$P$501,A5)) | I5: =IF(A5="","",COUNTIFS(Leads!$P$2:$P$501,A5,Leads!$I$2:$I$501,"Won",Leads!$N$2:$N$501,">="&Settings!$B$7)) | J5: =IF(A5="","",SUMIF(Leads!$P$2:$P$501,A5,Leads!$Q$2:$Q$501)) | K5: =IF(A5="","",SUMIF(Leads!$P$2:$P$501,A5,Leads!$R$2:$R$501)) | L5: =IF(A5="","",IF(I5>=3,Settings!$B$6,0)) | M5: =IF(A5="","",J5+L5) | O5: =IF(A5="","",M5-N5)
H6: =IF(A6="","",COUNTIF(Leads!$P$2:$P$501,A6)) | I6: =IF(A6="","",COUNTIFS(Leads!$P$2:$P$501,A6,Leads!$I$2:$I$501,"Won",Leads!$N$2:$N$501,">="&Settings!$B$7)) | J6: =IF(A6="","",SUMIF(Leads!$P$2:$P$501,A6,Leads!$Q$2:$Q$501)) | K6: =IF(A6="","",SUMIF(Leads!$P$2:$P$501,A6,Leads!$R$2:$R$501)) | L6: =IF(A6="","",IF(I6>=3,Settings!$B$6,0)) | M6: =IF(A6="","",J6+L6) | O6: =IF(A6="","",M6-N6)
H7: =IF(A7="","",COUNTIF(Leads!$P$2:$P$501,A7)) | I7: =IF(A7="","",COUNTIFS(Leads!$P$2:$P$501,A7,Leads!$I$2:$I$501,"Won",Leads!$N$2:$N$501,">="&Settings!$B$7)) | J7: =IF(A7="","",SUMIF(Leads!$P$2:$P$501,A7,Leads!$Q$2:$Q$501)) | K7: =IF(A7="","",SUMIF(Leads!$P$2:$P$501,A7,Leads!$R$2:$R$501)) | L7: =IF(A7="","",IF(I7>=3,Settings!$B$6,0)) | M7: =IF(A7="","",J7+L7) | O7: =IF(A7="","",M7-N7)
H8: =IF(A8="","",COUNTIF(Leads!$P$2:$P$501,A8)) | I8: =IF(A8="","",COUNTIFS(Leads!$P$2:$P$501,A8,Leads!$I$2:$I$501,"Won",Leads!$N$2:$N$501,">="&Settings!$B$7)) | J8: =IF(A8="","",SUMIF(Leads!$P$2:$P$501,A8,Leads!$Q$2:$Q$501)) | K8: =IF(A8="","",SUMIF(Leads!$P$2:$P$501,A8,Leads!$R$2:$R$501)) | L8: =IF(A8="","",IF(I8>=3,Settings!$B$6,0)) | M8: =IF(A8="","",J8+L8) | O8: =IF(A8="","",M8-N8)
H9: =IF(A9="","",COUNTIF(Leads!$P$2:$P$501,A9)) | I9: =IF(A9="","",COUNTIFS(Leads!$P$2:$P$501,A9,Leads!$I$2:$I$501,"Won",Leads!$N$2:$N$501,">="&Settings!$B$7)) | J9: =IF(A9="","",SUMIF(Leads!$P$2:$P$501,A9,Leads!$Q$2:$Q$501)) | K9: =IF(A9="","",SUMIF(Leads!$P$2:$P$501,A9,Leads!$R$2:$R$501)) | L9: =IF(A9="","",IF(I9>=3,Settings!$B$6,0)) | M9: =IF(A9="","",J9+L9) | O9: =IF(A9="","",M9-N9)
H10: =IF(A10="","",COUNTIF(Leads!$P$2:$P$501,A10)) | I10: =IF(A10="","",COUNTIFS(Leads!$P$2:$P$501,A10,Leads!$I$2:$I$501,"Won",Leads!$N$2:$N$501,">="&Settings!$B$7)) | J10: =IF(A10="","",SUMIF(Leads!$P$2:$P$501,A10,Leads!$Q$2:$Q$501)) | K10: =IF(A10="","",SUMIF(Leads!$P$2:$P$501,A10,Leads!$R$2:$R$501)) | L10: =IF(A10="","",IF(I10>=3,Settings!$B$6,0)) | M10: =IF(A10="","",J10+L10) | O10: =IF(A10="","",M10-N10)
H11: =IF(A11="","",COUNTIF(Leads!$P$2:$P$501,A11)) | I11: =IF(A11="","",COUNTIFS(Leads!$P$2:$P$501,A11,Leads!$I$2:$I$501,"Won",Leads!$N$2:$N$501,">="&Settings!$B$7)) | J11: =IF(A11="","",SUMIF(Leads!$P$2:$P$501,A11,Leads!$Q$2:$Q$501)) | K11: =IF(A11="","",SUMIF(Leads!$P$2:$P$501,A11,Leads!$R$2:$R$501)) | L11: =IF(A11="","",IF(I11>=3,Settings!$B$6,0)) | M11: =IF(A11="","",J11+L11) | O11: =IF(A11="","",M11-N11)
H12: =IF(A12="","",COUNTIF(Leads!$P$2:$P$501,A12)) | I12: =IF(A12="","",COUNTIFS(Leads!$P$2:$P$501,A12,Leads!$I$2:$I$501,"Won",Leads!$N$2:$N$501,">="&Settings!$B$7)) | J12: =IF(A12="","",SUMIF(Leads!$P$2:$P$501,A12,Leads!$Q$2:$Q$501)) | K12: =IF(A12="","",SUMIF(Leads!$P$2:$P$501,A12,Leads!$R$2:$R$501)) | L12: =IF(A12="","",IF(I12>=3,Settings!$B$6,0)) | M12: =IF(A12="","",J12+L12) | O12: =IF(A12="","",M12-N12)
H13: =IF(A13="","",COUNTIF(Leads!$P$2:$P$501,A13)) | I13: =IF(A13="","",COUNTIFS(Leads!$P$2:$P$501,A13,Leads!$I$2:$I$501,"Won",Leads!$N$2:$N$501,">="&Settings!$B$7)) | J13: =IF(A13="","",SUMIF(Leads!$P$2:$P$501,A13,Leads!$Q$2:$Q$501)) | K13: =IF(A13="","",SUMIF(Leads!$P$2:$P$501,A13,Leads!$R$2:$R$501)) | L13: =IF(A13="","",IF(I13>=3,Settings!$B$6,0)) | M13: =IF(A13="","",J13+L13) | O13: =IF(A13="","",M13-N13)
H14: =IF(A14="","",COUNTIF(Leads!$P$2:$P$501,A14)) | I14: =IF(A14="","",COUNTIFS(Leads!$P$2:$P$501,A14,Leads!$I$2:$I$501,"Won",Leads!$N$2:$N$501,">="&Settings!$B$7)) | J14: =IF(A14="","",SUMIF(Leads!$P$2:$P$501,A14,Leads!$Q$2:$Q$501)) | K14: =IF(A14="","",SUMIF(Leads!$P$2:$P$501,A14,Leads!$R$2:$R$501)) | L14: =IF(A14="","",IF(I14>=3,Settings!$B$6,0)) | M14: =IF(A14="","",J14+L14) | O14: =IF(A14="","",M14-N14)
... H501: =IF(A501="","",COUNTIF(Leads!$P$2:$P$501,A501)) | I501: =IF(A501="","",COUNTIFS(Leads!$P$2:$P$501,A501,Leads!$I$2:$I$501,"Won",Leads!$N$2:$N$501,">="&Settings!$B$7)) | J501: =IF(A501="","",SUMIF(Leads!$P$2:$P$501,A501,Leads!$Q$2:$Q$501)) | K501: =IF(A501="","",SUMIF(Leads!$P$2:$P$501,A501,Leads!$R$2:$R$501)) | L501: =IF(A501="","",IF(I501>=3,Settings!$B$6,0)) | M501: =IF(A501="","",J501+L501) | O501: =IF(A501="","",M501-N501)

Sheet Settings
A1: Setting | B1: Value | C1: Note
A2: Commission on first project | B2: 0.15 | C2: Share of the first project value paid to the referrer (your choice; set from your margin).
A3: Commission cap per project (£) | B3: 750 | C3: Maximum commission on one first project (your choice).
A4: Retainer commission rate | B4: 0.1 | C4: Share of monthly retainer paid to referrer (your choice).
A5: Retainer commission months | B5: 6 | C5: How many paid months the retainer commission lasts (your choice).
A6: 3rd-referral bonus (£) | B6: 150 | C6: One-off bonus when a partner's 3rd referred deal is Won (your choice).
A7: Minimum deal to qualify (£) | B7: 500 | C7: Deals below this earn no commission (your choice).
A8: Follow-up after (days) | B8: 4 | C8: Follow-up due date = contacted date + this.
A11: Links (filled in by the Apps Script)

Sheet How to use
A1: How to use this tracker
A2: Yellow cells (Settings tab) are inputs you can change. Grey italic rows on Leads and Partners are EXAMPLES – delete them before you start.
A4: Leads tab – one row per person you find. Fill: Date found, Name, Business, Country, Platform, Source, Link, Need, Status.
A5: • When you message them, put the date in 'Contacted on'. 'Follow-up due' fills itself and turns red when due.
A6: • Set 'Replied?' / 'Call held?' to Yes as they happen, and move Status along: New → Contacted → Replied → Call booked → Proposal sent → Won / Lost.
A7: • If a partner referred them, pick the partner code in 'Referred by'. Commission columns calculate themselves when Status = Won.
A8: Partners tab – one row per referral partner. Give each a short unique code (e.g. JANE01). Counts and commission pull from Leads automatically.
A9: • Type what you've actually paid in 'Paid to date'; 'Owed' = earned − paid. Pay 30 days after the client's payment clears.
A10: Dashboard – reply/call/close rate per platform. After 30 days, double down on the best row and drop the worst.
A11: Lists tab – edit dropdown options here (e.g. add a platform).
A13: Google Sheets: File → Import → Upload this file → 'Replace spreadsheet'. Then Extensions → Apps Script → paste referral-forms.gs → Run createReferralForms.
A14: Data protection (UK GDPR): you're storing personal data. Only log public/business info you need, and delete leads that go nowhere after ~6 months.

Sheet Lists
A1: Platform | B1: Source | C1: Need | D1: Status | E1: YesNo | F1: PartnerType
A2: LinkedIn | B2: Hire request | C2: Website | D2: New | E2: Yes | F2: Past client
A3: Facebook | B3: Question/problem post | C3: AI automation | D3: Contacted | E3: No | F3: Accountant/bookkeeper
A4: Instagram | B4: Tutorial commenter | C4: Both | D4: Replied | F4: Marketer/agency
A5: YouTube | B5: Outbound audit | C5: Not sure | D5: Call booked | F5: Designer
A6: Discord | B6: Referral | D6: Proposal sent | F6: Photographer
A7: Reddit | B7: Inbound (content) | D7: Won | F7: Coach/consultant
A8: X/Twitter | B8: Past client | D8: Lost | F8: Developer
A9: Email | B9: Other | D9: Not a fit | F9: Printer/sign shop
A10: Google Maps | F10: Friend/network
A11: Referral | F11: Other
A12: Other
